5	TGD Number	City	State	Tweet URL	Video/Image Filename	Description
6	1	Houston	TX	https://twitter.com/greg_doucette/status/1266565461937917953	houston-y9otkTZUloTdGGvx.mp4	trampling a peaceful protestor with a horse
7	2	NYC	NY	https://twitter.com/greg_doucette/status/1266752694057947136	NYCity-hhuJeEads6ku15x6.mp4	Shoving an unarmed woman to the curb, prompting a seizure that put her in the emergency room
8	3	NYC	NY	https://twitter.com/greg_doucette/status/1266753089517821954	NYCity-aaa_THfAdr19FGXb.mp4	doing an intentional hit-and-run with a car door to an unarmed protestor standing in the non-vehicular bike lane
9	4	NYC	NY	https://twitter.com/greg_doucette/status/1266574531621195776	NYCity-igpVj24a2eX3rkha.mp4	NYPD were just beating a variety of people earlier tonight because they could
10	5	Las Vegas	NV	https://twitter.com/greg_doucette/status/1266753948951744514	LasVegas-8e1-759lMLpan2kq.mp4	beating a variety of unarmed protestors for sport
11	6	Fort Wayne	IN	https://twitter.com/greg_doucette/status/1266745200656990208	FtWayne-QXVA1Prr732T_Mao.mp4	pepper-spraying a variety of unarmed protestors for sport
12	7	Minneapolis	MN	https://twitter.com/stribrooks/status/1266186985041022976	Mpls-IOYWpoN-YSW-F7K-.mp4	Minneapolis PD officer in an SUV indiscriminately sprays random citizens with pepper spray from his car window
13	8	Minneapolis	MN	https://twitter.com/greg_doucette/status/1266756341986664451	Mpls-101076871_733566894051056_2007647626035462144_n.mp4	detonating flashbang grenades in a docile crowd of unarmed protestors for sport
14	9	Minneapolis	MN	https://twitter.com/greg_doucette/status/1266756739665473539	Mpls-101811572_828941097631616_6914326236168716288_n.mp4	shooting a random protestor in the neck with a rubber bullet, then detonating more flash-bangs
15	10	Minneapolis	MN	https://twitter.com/greg_doucette/status/1266352623608901634	Mpls-deOD6lzQ.jpeg	Police arresting CNN reportes on air
16	11	Denver	CO	https://twitter.com/AdiGTV/status/1266554320717099008	Denver-EZO0b9xX0AIbnR4.jpeg	police in Denver CO are shooting reporters with paintballs for sport
17	12	Louisville	KY	https://twitter.com/greg_doucette/status/1266557059606163456	Louisville-7o7tM0liPH5doHTs.mp4	"police in Louisville KY – who just watched police in Minneapolis MN arrest a CNN reporter live on-air – say ""hold my whiskey"" and deliberately shoot a reporter and her cameraman"
18	13	Denver	CO	https://twitter.com/greg_doucette/status/1266758227930333188	Denver-sGQtQG7rbT5HUgIN.mp4	intentionally pepper-spraying anyone recording police brutality, outside the state's capitol grounds
19	14	Lincoln	NE	https://twitter.com/greg_doucette/status/1266766435851948034	Lincoln-WbPiXSeqK1vYCb8H.mp4	doing a Tiananmen Square with a police SUV through a line of unarmed protestors
20	15	Atlanta	GA	https://twitter.com/greg_doucette/status/1266795546796339202	Atlanta-mXPVPRCKwQeIkNOf.mp4	deploying a... kid militia?
21	16	Minneapolis	MN	https://twitter.com/greg_doucette/status/1266804517858881538	NA	police shoot a widely-known reporter in the face for sport, literally blowing apart her left eye
22	17	Atlanta	GA	https://twitter.com/Brittm_tv/status/1266497944796225538	Atlanta-7hSGZHdN8ffciizg.mp4	a bike cop picks up his bike and uses it to push over an unarmed protestor for sport
23	18	Columbus	OH	https://twitter.com/KRobPhoto/status/1266796191469252610	Columbus-EZSQY8yX0AE7nFw.mp4	police, unprovoked, pepper-spraying a United States Congresswoman and several other elected officials for sport
24	19	Detroit	MI	https://twitter.com/joeguillen/status/1266563974658744321	Detroit-fwegEempV2wJhwbA.mp4	an officer charges through a group of other officers to attack a protestor who is backing away (timestamp 0:13-0:17)
25	20	New York City	NY	https://twitter.com/greg_doucette/status/1266850004720812032	NYC-LvUGA9HBlNtohS0D.mp4	NYPD officer (assuming a sergeant or lieutenant since he's in a white shirt?) shoving an unarmed protestor for sport
26	21	Harrisburg	PA	https://twitter.com/greg_doucette/status/1266862623041167362	Harrisburg-CnrolOLgwunELv6U.mp4	protestors try to help someone stand up; police wait until the person is halfway up before pepper-spraying the helpers in the face for sport
27	22	San Jose	CA	https://twitter.com/greg_doucette/status/1266871141269987331	SanJose-f4x68k5QoZIMnMqo.mp4	"hard to figure out what's going on here – a clearly-amped officer shouts ""SHUT UP, BITCH!"" to a protestor, then something happens and the police bum-rush everyone"
28	22a	San Jose	CA	https://twitter.com/bowiezamudio/status/1266598285206106113	SanJose-meEZSKFyftJ-2XWn.mp4	san jose protest. one of the cops seems to be enjoying shooting people with rubber bullets even licks his lips. disgusting.
29	22b	San Jose	CA	https://twitter.com/bowiezamudio/status/1266765863111127040	SanJose-1xZ5qEPxKHdR_VU_.mp4	here’s another video with the same guy screaming “let’s get this motherfucker” as if it were a game.
30	23	Columbus	OH	https://twitter.com/greg_doucette/status/1266878189537824772	Columbus-vJa3UWooqq4lxYWD.mp4	Unarmed protestors peacefully chanting when officers start randomly pepper-spraying them for sport
31	24	Salt Lake City	UT	https://twitter.com/greg_doucette/status/1266886293562286086	SaltLakeCity-7CUO99CIvPThEU1m.mp4	SWAT unit recorded on the local news attacking a gray-haired old man with a cane, who's minding his own business, and shoving him to the ground
32	25	New York City	NY	https://twitter.com/greg_doucette/status/1266903868295778310	NYC-QPAEW3GCrYBUXEIQ.mp4	a pair of NYPD officers in SUVs decide to do a Tiananmen Square – quickly running over several unarmed protestors for sport
33	25a	New York City	NY	https://twitter.com/greg_doucette/status/1266935562184921093	NYC-NBlvkOPmW6AP4c7t.mp4	overhead view of 25
34	26	Minneapolis	MN	https://twitter.com/greg_doucette/status/1266940018196692995	Mpls-ZWkUKOxDa5lfgPBk.mp4	"National Guard and Minneapolis PD officers illegally demand taxpayers stop filming from their porch and go inside – you'll hear ""Light 'em up!"" as they then shoot at these people *WHO ARE ON THEIR OWN PORCH*"
35	27	Raleigh	NC	https://twitter.com/greg_doucette/status/1266951077183868928	Raleigh-CdG-MuAQs01tAto9.mp4	an hours-long peaceful protest turns violent as police indiscriminately fire teargas into the crowd
36	28	Raleigh	NC	https://twitter.com/LiamCurrie16/status/1266948510022320130		an earlier separate section of Raleigh NC police shooting pepperballs into peaceful and unarmed protestors
37	29	Minneapolis	MN	https://twitter.com/MichaelAdams317/status/1266945268567678976	Mpls-gaT1srGWcLeAIJEG.mp4	forcing a reporter to the ground, then deliberately pepper-spraying him in the face at close range for sport
38	30	Minneapolis	MN	https://twitter.com/greg_doucette/status/1266958068807544839	Mpls-sJ9xKGiRgwkqh1dj.mp4	police in Minneapolis deliberately shoot at – and then arrest – a reporter as he's walking away and trying to comply with police orders to back up
39	31	Philadelphia	PA	https://twitter.com/UR_Ninja/status/1266913490301792257	Philadelphia-gplbCdQAoPP88-6q.mp4	hitting a reporter and trying to knock down their camera to block them from filming as officers dogpile an unarmed black man
40	32	Seattle	WA	https://twitter.com/greg_doucette/status/1267089884600315907	Seattle-4LpGiC0U_ImP50Bf.mp4	police pepper-spray a 10-year-old child for sport
41	33	Denver	CO	https://twitter.com/greg_doucette/status/1267092745828663297	Denver-t8XBw_DSmRsnq5Vz.mp4	police caught on camera pushing a reporter into an open fire
42	34	Los Angeles	CA	https://twitter.com/greg_doucette/status/1267095100166987778	LosAngeles-fppbZKro3DwS9U6.mp4	LAPD tackling one unarmed protestor and indiscriminately beating others with their batons
43	35	Columbus	OH	https://twitter.com/greg_doucette/status/1267102580070592512	Columbus-PdtF9dBodZMaYhJO.mp4	pepper-spraying peaceful unarmed protestors as they sit on the ground
44	36	New York City	NY	https://twitter.com/HuffPost/status/1266936484692725766	NA	no video for this one, but NYPD arrested a reporter to stop him from covering the protests
45	37	New York City	NY	https://twitter.com/keithboykin/status/1266936136418701317	NA	another without video, but NYPD arrested another reported and kept him in jail for 6 hours
46	38	Chicago	IL	https://twitter.com/JCB_Journo/status/1266897672545480706	[can't download]	"reporter streaming live on Periscope, holds up his press pass and shouts ""PRESS!"" – so police pepper-spray him to stop him from broadcasting"
47	39	Los Angeles	CA	https://twitter.com/johncusack/status/1266953514242228229	LosAngeles-XHsFRHyQMF7ItGx-.mp4	police attack John Cusack for filming The 9th Circuit Court of Appeals was the first – in 1995, decades ago – that there's a First Amendment-guaranteed right to record public police activity
48	40	Dallas	TX	https://twitter.com/greg_doucette/status/1267109272342736896	NA	police shoot a totally innocent bystander – a woman walking home with her groceries – in the head for sport
49	41	Seattle	WA	https://twitter.com/greg_doucette/status/1267110620471664641	Seattle-Owz8u3yBlJ2PWo73.mp4	"police arrest a protestor using the same knee-on-neck technique used to murder #GeorgeFloyd Another protestor yells ""GET YOUR FUCKING KNEE OFF HIS NECK"" – at which point the *other* officer forcibly moves the first officer's leg"
50	42	Minneapolis	MN	https://twitter.com/UR_Ninja/status/1267074770576838658	Mpls-748eLW39TswM7wqw.mp4	"Minneapolis Police called our journalist the ""entire problem"" & threatened he ""would get baked"" as he filmed them at 31st & Blaisdell after curfew a block away from #GeorgeFloydProtests at the 5th Precinct."
51	43	Detroit	MI	https://twitter.com/jcreindl/status/1266925170192715782	Detroit-EZUFt8nXkAEVs-6.jpeg	police deliberately target a journalist with pepper-spray to prevent him from reporting
52	44	Cleveland	OH	https://twitter.com/greg_doucette/status/1267114065819770880	Cleveland-yKd3eeAYZv2ccYvT.mp4	police beating assorted protestors outside their justice building, including one officer swinging his baton in front of him back and forth like a f*cking moron
53	45	Erie	PA	https://twitter.com/greg_doucette/status/1267117854387814401	Erie-ZkG_vWhW7AwhU_xE.mp4	police pepper-spray a peaceful protestor, then kick her over for sport
54	46	Minneapolis	MN	https://twitter.com/greg_doucette/status/1267118696960528386	Mpls-aWSBDR-3CLJKM9NU.mp4	police shoot rubber bullets and teargas at a reporter and his crew, as they're broadcasting live on-air
55	47	Minneapolis	MN	https://twitter.com/greg_doucette/status/1267119659532378113	Mpls-3Xppomq6yWnzGiom.mp4	"police deliberately target a CBS crew, shooting the sound engineer with a rubber bullet ""They're sighting us in, dude!"" Notice the reporters are *nowhere near* any protestors or police"
56	48	New York City	NY	https://twitter.com/greg_doucette/status/1267121057066082304	NewYorkCity-qsFBtR9eYarOjvrS.mp4	an NYPD officer *removes the mask* from a peaceful protestor, so he could then mace him in the face
57	49	New York City	NY	https://twitter.com/greg_doucette/status/1267121762464083969	NewYorkCity-WERnyHPZwbdcx91p.mp4	NYPD (Lt? Sgt? White shirt) pins down a medic with his knee, as another officer tries to push back anyone attempting to record
58	50	Columbus	OH	https://twitter.com/greg_doucette/status/1267122343454953472	Columbus-NVJsdIyda1_F0nHG.mp4	a peaceful woman stands still holding a sign, quite a distance from police, as another man holds his bike in front of her to shield her
59	51	New York City	NY	https://twitter.com/greg_doucette/status/1267122975830151169	NewYorkCity-0MfdOWB6IknxBt3d.mp4	NYPD officer (white shirt, higher rank of some sort) pushes a barricade into protestors, eventually knocks it over because he's a moron, then climbs over it so he can rush into the crowd to beat an unarmed woman
60	52	Sacramento	CA	https://twitter.com/chadloder/status/1267029301389492224	Sacramento-QRf7iqZ444kfTlOt.mp4	police shoot out a young black boy's eye for sport
61	53	Louisville	KY	https://twitter.com/i/status/1267029301389492224	Louisville-fGVKKx46JCfIFURX.mp4	forgot to add this one in earlier. Police loot medical supplies, destroys others, as cops push protestors back to stop them from recording This violates the Fifth and Fourteenth Amendments to the Constitution btw
62	54	Atlanta	GA	https://twitter.com/greg_doucette/status/1267160179923136518	Atlanta-qFkakjfPsAwZ56f7.mp4	Destroying a young black guy's car and then repeatedly assaulting both occupants (reported to be two local college students trying to get home)
63	55	San Antonio	TX	https://twitter.com/greg_doucette/status/1267153847824285697	SanAntonio-j50m3-w8InZO2h-j.mp4	police walking up to shoot a peaceful unarmed protestor in the arm at close range so he'll stop recording Then shooting him a second time in the leg
64	56	Denver	CO	https://twitter.com/greg_doucette/status/1267153291638685702	Denver-9htuwEQqqRKea-H1.mp4	police – leaving – do a parting goodbye shot with a pepperball to stop an unarmed protestor from recording
65	57	Manassas	VA	https://twitter.com/tristanshields/status/1266994214878932993	[can't download]	Virginia State Police assault an elected member of the state's House of Delegates – the legislative branch responsible for exercising oversight over Executive agencies like the Virginia State Police
66	58	Fort Wayne	IN	https://twitter.com/greg_doucette/status/1267201852216573952	FortWayne-EZYBXDBWoAMlTKs.jpeg	police shoot a tear gas canister at a man's face, blowing out his eye and blinding him
67	59	Denver	CO	https://twitter.com/greg_doucette/status/1267204196614524929	Denver-ZtyFNdDa3BC7fE2P.mp4	non-protestors stuck in traffic get hit by a stray shot from police. The driver gets out, yells at police that there's a pregnant woman in the passenger seat... ...so a bunch of police repeatedly shoot the car
68	60	Richmond	VA	https://twitter.com/greg_doucette/status/1267205811849355264	[can't download, FB]	Police fire pepper-spray into a man's 2nd floor apartment to stop him from recording them
69	60a	Richmond	VA	https://twitter.com/CWillis_Worm/status/1267209188968669188	Richmond-mWusalzOMmtJyd6V.mp4	Very short version that catches them pepper spraying a group of random girls for sport before spraying Mikhail
70	61	Austin	TX	https://twitter.com/greg_doucette/status/12672278539948032011	Austin-ejiU9-mr7rB0or-K.mp4	police shoot an unarmed pregnant woman, rush over to where she's receiving medical attention – then, after they remove her, start shooting all the other unarmed protestors
71	62	Charleston	SC	https://twitter.com/greg_doucette/status/1267228530368229376	Charleston-5GxyX559JFiDl3pj.mp4	Armored Personnel Carrier plows into a woman's car in the intersection downtown
72	63	San Diego	CA	https://twitter.com/SaudiaSakari/status/1267134500087062528	SanDiego-SwX00xyiNfRyf3lQ.mp4	Police shoot an unarmed protestor between the eyes
73	64	Minneapolis	MN	https://twitter.com/val_ebertz/status/1266975058230235137	Minneapolis-gm7oWEenfH1uTSG7.mp4	in the tweet above this one, a reporter notes that all of the tires for all the cars in a parking lot have been slashed. Turns out protestors caught the Minneapolis PD and National Guard on camera doing the slashing
74	65	La Mesa	CA	https://twitter.com/greg_doucette/status/1267239890217041922	LaMesa-zm6hgQaDmewr5Oqn.mp4	police casually start throwing flash-bangs and open fire on unarmed protestors standing still with their hands raised
75	66	Las Vegas	NV	https://twitter.com/greg_doucette/status/1267257550409523205	LasVegas-h9ORowWtE0gCz-2N.mp4	"police arrest one guy minding his own business walking across the street And then, to the unarmed non-protestor filming, point and say ""You're next! You're next!"""
76	67	Cincinnati	OH	https://twitter.com/P0kes/status/1267230163521191936	Cincinnati-EZYbHXOXkAEoFCa.jpeg	police give notice that citizens are living in occupied territory, taking down the American flag outside the Justice Center and replacing it with their own
77	68	Fort Lauderdale	FL	https://twitter.com/greg_doucette/status/1267260305786183680	FortLauderdale-EQYpxFdL8GVbmA4V.mp4	police officer hits an unarmed black woman in the head as she's on her knees on the ground
78	69	Long Beach	CA	https://twitter.com/greg_doucette/status/1267274077007478784	LongBeachCA.png	police intentionally shoot a reporter in the throat
79	70	Los Angeles	CA	https://twitter.com/greg_doucette/status/1267277826354556928	LosAngeles-4laon-tExWPs_VoU.mp4	LAPD officer quickly drives his SUV into a crowd near Pershing Square, hitting what looks like two protestors, then throws it in reverse and speeds away
80	71	New York City	NY	https://twitter.com/greg_doucette/status/1267279077095944200	NewYork-CxqXk_TlA3sNmQz2.mp4	army of NYPD officers rush and attack literally everyone
81	71a	New York City	NY	https://twitter.com/ShutUpAndrosky/status/1267222613350219777	NewYork-63eI-A1GLzTOBbkt.mp4	street-level view of #71
82	72	Grand Rapids	MI	https://twitter.com/greg_doucette/status/1267279781340512259	GrandRapids-C0kQyUsNyoiKcj1p.mp4	riot cops advance on crowd of unarmed protestors
83	72a	Grand Rapids	MI	https://twitter.com/greg_doucette/status/1267280154843320321	GrandRapids-IwDByfndSwDP4n37.mp4	another view of 72 - Notice no officers wearing bodycams, and badge numbers are covered so no one can be identified
84	73	Grand Rapids	MI	https://twitter.com/greg_doucette/status/1267281344649932806	GrandRapids-wU5CmzqQa6JE6Rru.mp4	man yells at police from a distance, a police officer walks up and pepper sprays him... ...then another officer shoots him directly in the face with a teargas canister
85	74	Minneapolis	MN	https://twitter.com/greg_doucette/status/1267283198163255297	Minneapolis-IOYWpoN-YSW-F7K-.mp4	police responding to a medical emergency – a tanker truck deliberately running over protestors – nonetheless stop to casually pepper-spray folks from the comfort of their SUVs
86	75	Murfreesboro	TN	https://twitter.com/greg_doucette/status/1267289221997436930	Murfreesboro-mqubKpEAY8aJXe3u.mp4	Officers throw tear gas and a flashbang to disperses crowd near the MTSU sign. All of these protestors did was yell. We watched the whole scene play out. Just a bunch of yelling before the tear gas and flashbang were deployed.
87	76	Raleigh	NC	https://twitter.com/greg_doucette/status/1267295157885505537	Raleigh-pSY4QLxYuy3qOsK0.mp4	police shoot a protestor in the back as he's walking away, and then tackle him to the ground
88	76a	Raleigh	NC	https://twitter.com/greg_doucette/status/1267836827328819200	Raleign-dxWcxZfIcs_EAHSR.mp4	Another angle on 76 above in Raleigh, where you can see the guy they repeatedly shot was unarmed with his hands out
89	77	Fredericksburg	VA	https://twitter.com/greg_doucette/status/1267297607782731777	Fredericksburg-02WKis8n_ThvfxYD.mp4	police escalate and fire tear gas into a peaceful protest
90	78	Charleston	SC	https://twitter.com/greg_doucette/status/1267423284179742721	Charleston-7mzn_GWT-MpvMuWz.mp4	peaceful protestor, kneeling, talks at length to a phalanx of riot cops... ...so they arrest him
91	79	Minneapolis	MN	https://twitter.com/greg_doucette/status/1267423815954563073	Minneapolis-Bnw_MnJtFY1OUhOM.mp4	"police deliberately shoot at a German news crew, live on-air Notice the ""PRESS"" in all-caps on both sides of the reporter's vest"
92	80	Kansas City	KS	https://twitter.com/greg_doucette/status/1267424917731115015	KansasCity-GYuPNr0PuSM5yA_J.mp4	a man is talking to a line of cops at length and from a distance So police approach, pepper-spray him, and arrest him
93	81	El Paso	TX	https://twitter.com/greg_doucette/status/1267430869154902019	ElPaso-hllCJEFQ7HZ-ZQvI.mp4	police fire teargas and bullets into peaceful crowd of unarmed protestors
94	82	New York City	NY	https://twitter.com/greg_doucette/status/1267431769609035776	NewYorkCity-oU_gIkkMrhUCqF_x.mp4	officer pulls out his service pistol and starts brandishing it at assorted protestors for sport
95	83	Boston	MA	https://twitter.com/greg_doucette/status/1267432145477349377	https://youtu.be/QjYJMmShTp0	police... seem to be bashing out the windshield of their own patrol car?
96	84	San Francisco	CA	https://twitter.com/greg_doucette/status/1267433654101434371	SanFrancisco-w-xRhNv3r2NuJyv0.mp4	man in light-colored jacket backs away from a police vehicle onto the sidewalk, pulls out his mobile phone to record... ...and is shoved by a police officer back into the path of the vehicle
97	85	Jacksonville	FL	https://twitter.com/greg_doucette/status/1267436527686242304	Jacksonville-TpX-zc1zl6Q6JTn1.mp4	on the right side of the screen, looks like a protestor just milling about gets tackled from behind and arrested
98	86	Richmond	VA	https://twitter.com/greg_doucette/status/1267437919779852289	NA	no video, just police deliberately targeting badged journalists so they'll stop reporting
99	87	Los Angeles	CA	https://twitter.com/greg_doucette/status/1267438562254913536	LosAngeles-M54GNWzvvUJU9p3s.mp4	LAPD shoots a man *in his own apartment* recording from his upstairs balcony
100	88	Seattle	WA	https://twitter.com/greg_doucette/status/1267441466504331264	Seattle-gBzWtxl19g3e99nf.mp4	SPD bike cop crashes into the back of a peaceful unarmed marcher, so other police swarm to arrest the marcher for some reason
101	89	Seattle	WA	https://twitter.com/greg_doucette/status/1267441763184267264	Seattle-TqQP0gDFj3L4oVme.mp4	"same technique as 88 above – bike cop deliberately tries to ""pass"" where there's clearly not enough room, so he can then make contact and put a protestor into a headlock"
102	90	Seattle	WA	https://twitter.com/greg_doucette/status/1267442263648620544	Seattle-4jq_xEY1ZkmA30Xr.mp4	as protestors shout about the guy getting arrested after a bike cop deliberately crashed in to him, SPD starts indiscriminately firing tear gas into the crowd
103	91	Seattle	WA	https://twitter.com/greg_doucette/status/1267443205659938821	Seattle-UZ86_DjmKX1PPEon.mp4	"police form a line to force protestors into a tight group against a wall (""kettling""), so they can then repeatedly pepper-spray them without anyone being able to leave"
104	92	Richmond	VA	https://twitter.com/greg_doucette/status/1267443719860518917	Richmond-GaQJpt9ogWrKlSRS.mp4	officers swarm a car with guns drawn when a woman steps out She's a reporter so they let her continue, but this conduct is wholly unacceptable for regular people too
105	93	Richmond	VA	https://twitter.com/greg_doucette/status/1267444524965642246	Richmond-HXHk1oy56EeLEMHz.mp4	police on the hunt with rifles, briefly pointing one at the woman recording
106	94	Columbus	OH	https://twitter.com/greg_doucette/status/1267445528599695360	Columbus-EZZK9zRWoAMm0p8.jpeg	"police posing for the Gram, to show everyone what brave big-commando warrior peace servants they are. ""What do you do after tear gassing peaceful protesters 2.5 hours before curfew? You take a group pic for the gram."""
107	95	Columbus	OH	https://twitter.com/greg_doucette/status/1267455512846700544	Columbus-8wH1mSmFh5x5vQzN.mp4	woman is peacefully walking away down the sidewalk So an officer randomly pepper-sprays her from behind
108	96	Detroit	MI	https://twitter.com/greg_doucette/status/1267459054839967746	Detroit-JnbouWbzA6a0-i6a.mp4	police officer yells at and pushes a man who is walking away from him, when a second cop swoops in and shoves the man to the ground, before a third cop sprays the now-helpless-on-the-ground man in the face with OC spray
109	97 (or 68a)	Fort Lauderdale	FL	https://twitter.com/greg_doucette/status/1267461804294377477	FortLauderdale-TEsqGbPe5WBacqGi.mp4	white male cop flexing his Big Boy muscles pushes a kneeling black woman down to the ground Then a black female cop pulls him aside and starts yelling at him; like 68 from a different angle, or, so good you just wanted to see it twice
110	98	Louisville	KY	https://twitter.com/greg_doucette/status/1267513121234653203	Louisville-_eQF-J6aspZd1dAH.mp4	police shoot – and kill – renowned local chef David McAtee; https://www.courier-journal.com/story/news/2020/06/01/beshear-authorizes-investigation-into-louisville-police-national-guard-shooting/5306733002/
111	99	Miami	FL	https://twitter.com/greg_doucette/status/1267519238224445442	Miami-Jx8TfE9_1sXJGKM4.mp4	police burst out of their SUV to tackle and arrest a peaceful unarmed protestors talking to them The man was charged with violating the 8:00pm curfew; original poster says the arrest happened ~5:45pm
112	100	Washington	DC	https://twitter.com/greg_doucette/status/1267520159557787649	WashingtonDC-44qOgbVQRpQZEXsd.mp4	police pin a CNN reporter against a wall while another one clubs him in the knee with a baton
113	101	Seattle	WA	https://twitter.com/greg_doucette/status/1267523455827750912	Seattle-jPWDdhI66KOzUZZW.mp4	police appear to be trying to break the glass window of whatever business this is at 2nd and Pine?
114	102	Raleigh	NC	https://twitter.com/greg_doucette/status/1267525235806527488	[audio file]	audio from police communication, admitting to using expired tear gas for crowd control
115	103	Boston	MA	https://twitter.com/greg_doucette/status/1267526684976328705	Boston-JYth2u-vJZlSvS5i.mp4	multiple police officers beat the everlasting sh*t out of two people for sport, apparently for crossing the street?
116	104	Dallas	TX	https://twitter.com/greg_doucette/status/1267528084393283584	Dallas-ZHQSo7qZ2lmv9ieZ.mp4	police shoot out the eye of an unarmed black man for sport This is at least the *4th* person whose eye has been shot out by police in the past 3 days
117	105	Los Angeles	CA	https://twitter.com/greg_doucette/status/1267586631084752896		"LAPD sharing a jovial chuckle with a white woman as she spraypaints a building to make it look like it was done by protestors. You can even hear police suggest she write ""Floyd"" too"
118	106	Austin	TX	https://twitter.com/greg_doucette/status/1267585281223471104	AustinTX.png	Police shoot a pregnant black woman in the abdomen for sport
119	107	Los Angeles	CA	https://twitter.com/greg_doucette/status/1267585724058087440	LosAngeles-CKdpcLQl5C5cmC6Q.mp4	police shoot a USMC veteran in the head for sport
120	108	Long Beach	CA	https://twitter.com/greg_doucette/status/1267586228045701120	LongBeachCA.png	police point a gas canister launcher at folks as a young child sits atop dad's shoulders
121	109	Nationwide		https://twitter.com/greg_doucette/status/1267586631084752896	https://www.niemanlab.org/2020/06/well-try-to-help-you-follow-the-police-attacks-on-journalists-across-the-country/	Nationwide: a compilation of at least 100 known attacks by police on reporters, compiled by @NiemanLab
122	110	Columbus	OH	https://twitter.com/greg_doucette/status/1267587659771392001	Columbus-gpMb4ABF0qw7JCkq.mp4	police officer peppersprays 2 people in the face as they silently kneel Then another officer takes their water
123	111	Indianapolis	IN	https://twitter.com/greg_doucette/status/1267588463001513984	Indianapolis-K0Ppf5Wpzn2SRww4.mp4	a half-dozen police repeatedly shoot and club a protestor for sport
124	112	Des Moines	IA	https://twitter.com/greg_doucette/status/1267591652304134153	DeMoines-hRxeOVgo07U03TW9.mp4	police teargas and arrest a Des Moines Register reporter so she'll stop tweeting updates
125	112a	Des Moines	IA	https://twitter.com/andreamsahouri/status/1267256849344221188	DesMoinesIA.png	"Last tweet from reports in #112 before her arrest, ""Tear gas used, forcing everyone to run into the street"""
126	113	Philadelphia	PA	https://twitter.com/greg_doucette/status/1267594159776501761	Philadelphia-tqqSRFQvaab15FUV.mp4	police deliberately herd protestors up an embankment against an unclimbable fence – and then repeatedly gas them all for sport
127	114	Chicago	IL	https://twitter.com/greg_doucette/status/1267594960955748352	ChicagoIL-AKHA27j2ORQTIBiW.mp4	nearly a dozen police officers team up to destroy a car and pull at least one of the occupants out by their head Original poster indicates police stole the car soon thereafter, leaving the driver and another passenger in the lot
128	115	Denver	CO	https://twitter.com/greg_doucette/status/1267596048513540103	Denver-PNcieX5nirAQ-y2B.mp4	"casual conversation between a protestor and riot cop; : ""Can I ask you what's going to happen at 8? Sir?""; : ""What's gonna happen is we're gonna start beating the fuck out of you."""
129	116	Philadelphia	PA	https://twitter.com/greg_doucette/status/1267597140819415040	Philadelphia-OW-RGS8Z1zL6tMlM.mp4	four cops brutalize and arrest a man Notice how one cop deliberately put the man's hand on the baton / stick / whatever, just so he could then beat the guy for touching it
130	117	Denver	CO	https://twitter.com/greg_doucette/status/1267597416938733576	, https://twitter.com/DenverPolice/status/1267571824054775808, https://www.coloradopolitics.com/denver/denver-police-department-investigating-social-media-post-from-officer-allegedly-promoting-riots/article_f40b47c2-a433-11ea-a43d-3f145b7b5cf8.html, DenverInstagram.png	DPD no video for this one. DPD conducting an investigation after one of its officers posts an admission on Instagram that police are deliberating instigating riots
131	118	Los Angeles	CA	https://twitter.com/greg_doucette/status/1267598308392009735	LosAngeles-L2TjmSd75k_aWCCI.mp4	"LAPD scanner chatter: ""$100 for a n*gger! $50 for a Mexican! Kill 'em all! ... We gotta start shooting to kill, man. Mr. Trump said so."""
132	119	Los Angeles	CA	https://twitter.com/greg_doucette/status/1267600596523266049	LosAngeles-8_UA9MMz6edVPAAJ.mp4	LAPD beat the sh*t out of well-known actor Kendrick Sampson (@kendrick38) Then once they're done beating him, the baton cops back away so another cop can shoot him at close range
133	119a	Los Angeles	CA	https://twitter.com/greg_doucette/status/1267601265732788224	LosAngeles-y0E97u8g-1ZuaRPz	Another angle of #119 above Notice the situation is peaceful – until LAPD decides it's time to get violent
134	120	Washington	DC	https://twitter.com/greg_doucette/status/1267602175997468672	WashingtonDC-qZxoIGtekWCq9y2X.mp4	one cop repeatedly beats the sh*t out of a cameraman with his riot shield, as another beats the reporter next to him with a baton while they flee
135	120a	Washington	DC	https://twitter.com/greg_doucette/status/1267625961115222016	WashingtonDC-KLW2a75Q4P5e2yd8.mp4	First-person view of 120 First-person view of 120 above. The DC cop punches the camera man first, before hitting him with his shield
136	121	Altanta	GA	https://twitter.com/greg_doucette/status/1267602766412820480	Atlanta-0LjVndwRh0BI_QlK.mp4	police beat the sh*t out of one person, then a male officer breaks away to beat, tackle, and mount the unarmed woman behind him
137	122	Richmond	VA	https://twitter.com/greg_doucette/status/1267603264901648386	Richmond-bQbAfT1nenVDqaTZ.mp4	police start using tear gas at peaceful protest near Monument Avenue
138	123	Los Angeles	CA	https://twitter.com/greg_doucette/status/1267603917480906753	LosAngeles-PQJZYBnxHPV8K1_c.mp4	LAPD officers beat the sh*t out of several unarmed peaceful protestors for sport, while other cops in the pack shoot them at close range
139	123a	Los Angeles	CA	https://twitter.com/greg_doucette/status/1267605209745887233	LosAngeles-4EGWIXoyW8_W2pDp.mp4	Different angle of 123 above, showing the officer pushing a woman down with his baton
140	124	Philadelphia	PA	https://twitter.com/greg_doucette/status/1267606765769809920	Philadelphia-PaFRULM7mu5K3lbX.mp4	all-white vigilante groups now roaming the streets
141	124a	Philadelphia	PA	https://twitter.com/greg_doucette/status/1267647334848106501	PhiladelphiaPA.png	All-white vigilante thug force in 124 posing with Philadelphia police force for Instagram
142	125	Richmond	VA	https://twitter.com/greg_doucette/status/1267610821984751618	Richmond-waMkWwg0gnqmcCYB.mp4	"another video where everything was peaceful, it wasn't curfew yet, and police started gassing everyone for sport; ""There was no verbal warning of any kind before the tear gas was launched well ahead of curfew""; UPDATE: https://twitter.com/greg_doucette/status/1267611204060676102"
143	126	Little Rock	AK	https://twitter.com/greg_doucette/status/1267628992175226885	LittleRock-TXlWO4ZkllbjYEiu.mp4	peaceful protestors, kneeling with hands raised, get blown away by LRPD
144	127	Richmond	VA	https://twitter.com/greg_doucette/status/1267638295166582789	NA	no video for this, but a long thread on Richmond police flagrantly violating citizens' constitutional rights; thread URL TBA
145	128	Washington	DC	https://twitter.com/greg_doucette/status/1267645048155496449	WashingtonDC-oJatxaL_pKdoCuCB.mp4	peaceful protestors try to go home to comply with curfew Police block them in until after curfew so they can arrest everyone
146	129	Atlanta	GA	https://twitter.com/greg_doucette/status/1267645435705012224	Atlanta-n0sl-c4XjfQlKpi3.mp4, Atlanta-qebx-dMfnQEdk4g3.mp4, Altanta-2iZirNMbjxGW2Yk.mp4	as with 128 above, police and National Guard are blocking people from leaving, forcing them to stay out until after curfew so they can be arrested
147	130	Omaha	NE	https://twitter.com/greg_doucette/status/1267645954100023296	Omaha-WAQ2Hb2gy1ckGncq.mp4	police shoot protestors with pepperballs, kick several repeatedly after tackling them
148	130a	Omaha	NE	https://twitter.com/greg_doucette/status/1267649720215834626	Omaha-xk1D8yxiB2Ot3FLU.mp4	Different angle of 130 above Omaha police instantly tackle a reporter when he announces he's media (Media are excluded from the Omaha curfew)
149	131	Pittsburgh	PA	https://twitter.com/greg_doucette/status/1267646365557035010	https://m.facebook.com/story.php?story_fbid=2935858916468885&id=100001344162878&sfnsn=mo&d=n&vh=i	police pepperspray and shoot peaceful unarmed protestors as they chant
150	132	Buffalo	NY	https://twitter.com/greg_doucette/status/1267652666227855361	Buffalo-QMq2qaxMdRT1hEUb.mp4	police and National Guard swarm in like Keystone Kops to beat and arrest some people, but then run away as an SUV drives through them and hits at least one officer
151	133	Los Angeles	CA	https://twitter.com/greg_doucette/status/1267653338545491968	LosAngeles-N2klbzxfudpx-iCs.mp4	black store owners call the police to get help with looters. So the police arrest the black store owners who asked for help, (The police do not exist to serve and protect you. They exist to maintain our caste system.)
152	133a	Los Angeles (Van Nuyes)	CA	https://twitter.com/bubbaprog/status/1267641851215036416	VanNuys-EmEn5X1JqTjxU1JJ.mp4	same incident shown in 133, longer look at what happened (starts earlier)
153	134	Washington	DC	https://twitter.com/greg_doucette/status/1267654043482181640	WashingtonDC-AIftWCXIOWhgwWaS.mp4	"borrowing a page from the best authoritarian regimes across the globe – didn't Hosni Mubarak do this in Egypt a few years ago? – the military hovers a helicopter low over a crowd of peaceful protestors as a ""show of strength"""
154	135	Sacramento	CA	https://twitter.com/greg_doucette/status/1267659749195165697	Sacramento-uc0Vpi1eYP1OrP_R.mp4	police open fire on a peaceful crowd – *before* issuing a dispersal order (you'll hear that near the end) – and one of the first things they do is shoot a non-protesting legal observer (and US Navy veteran) in the face
155	136	Washington	DC	https://twitter.com/greg_doucette/status/1267666729699807232	WashingtonDC-oHOxMbZxQGNg32p6.mp4	by now you've probably seen this one on the news, but they decided to gas clergy and other protestors so the Yapping Yam could get a photo op at a church; https://twitter.com/katierogers/status/1267913940337676288
156	137	Riverside	CA	https://twitter.com/greg_doucette/status/1267670735645966338	Riverside-itQVhyRHsEkF1Sue.mp4	police destroying private property while being filmed live on the nightly news
157	138	Seattle	WA	https://twitter.com/greg_doucette/status/1267694239028334592	Seattle-GUE3M5UP8MOKxOWw.mp4	police shoot a teargas canister at a reporter – live on-air as she's reporting
158	138a	Seattle	WA	https://twitter.com/greg_doucette/status/1267915081515442186	Seattle-ph8F4z9wrfuWw6dy.mp4	full video of 138
159	139	Elizabethtown	NC	https://twitter.com/greg_doucette/status/1267696971483054080	https://twitter.com/greg_doucette/status/1267696971483054080/photo/1	"not a video, but the curfew proclamation for a town in rural North Carolina. Notice the first clause of Section III, outlawing alcohol possession in your home. Just a couple weeks ago, alcohol sales were an ""essential service"" during COVID lockdowns"
160	140	Seattle	WA	https://twitter.com/greg_doucette/status/1267835616823255046	Seattle-mbMNKkd4mBDfHQeE.mp4	overhead view of Seattle PD pepper-spraying protestors, then indiscriminately firing flash bang grenades deep into the crowd
161	140a	Seattle	WA	https://twitter.com/greg_doucette/status/1267961459067191297	Seattle-QUIA5DlJ88BJfvBC.mp4	Street-level view of 140 above in Seattle WA. The cops are rioting. [full video is 3:31 long, on IG @ https://instagram.com/tv/CA63KMnlVvu/?igshid=hfp3uoaqe23p]
162	141	Atlanta	GA	https://twitter.com/greg_doucette/status/1267845555654402049	Atlanta-VDNjBeZZLXfb1WqA.mp4	four police team up to arrest a photographer, as the nightly news broadcasts it
163	142	West Philadelphia	PA	https://twitter.com/greg_doucette/status/1267859272639164416	WPhiladelphia-QHaJqL20iTjIyCmK.mp4	police shooting teargas down empty streets for sport? I assume there's a purpose for this
164	143	Joliet	IL	https://twitter.com/greg_doucette/status/1267861168384880650	Joliet-TXb4XdBeB8DRujyR.mp4	Protestors arrested as they're leaving, including one grabbed by the neck and dogpiled by at least 3 cops
165	144	Washington	DC	https://twitter.com/greg_doucette/status/1267861989017161731	NA	video elsewhere in the thread, but here's the @DCist write-up on police pepper-spraying inside a private residence that they didn't have a warrant to enter
166	145	Columbus	OH	https://twitter.com/greg_doucette/status/1267863914290741251	Columbus-HwL1KasltlEIIQUY.mp4	police pepper-spray members of the news media so they'll stop reporting. News media are exempt from the city's curfew
167	145a	Columbus	OH	https://twitter.com/maevewalsh27/status/1267646128289447939	Columbus-lSNbI5yxWlWxRHTj.mp4	Columbus Police began spraying protestors around 10:25 at the corner of High and Lane. @m_p_garrison @sarahszilagy and I were also sprayed despite making them aware we are members of @TheLantern. The press is exempt from the curfew.
168	146	Richmond	VA	https://twitter.com/greg_doucette/status/1267869387916271617	Richmond-orpAgaXrVfqrkZFK.mp4	police fire teargas on peaceful protestors for sport, a half-hour before curfew. (Not sure if this is just an earlier shot of one of the earlier Richmond vids; let me know if so)
169	147	Denver	CO	https://youtu.be/xNLZ7exVxq4	YouTube	"Colorado State Patrol shoot a Denver reporter (who didn't realize at the time that the camera was still recording): ""Below is the raw video. I didn't think we were recording, but we were still streaming back to station after my live shot ended. I got hit about the 1:53 mark. I start video with the ending of my 10 pm live shot so you can understand context. """
170	148	Los Angeles	CA	https://twitter.com/greg_doucette/status/1267898837940809731	LosAngeles-8NoiMDv5oEpWtthb.mp4	police open fire for sport on two guys standing still yards away having a conversation with each other
171	149	Des Moines	IA	https://twitter.com/greg_doucette/status/1267904809514012672	DesMoines-rpbYS9ohyFg_E_Dr.mp4	Just like #112 above, police terrorize and pepper-spray a journalist so she'll stop reporting
172	150	Philadelphia	PA	https://twitter.com/greg_doucette/status/1267908849446653956	Philadelphia-ulpGZFUAvZCsCbw6.mp4	cop pulls down a protestor's mask to pepper-spray her in the face as she's kneeling with her hands up, then the cop sprays another one, then he pushes over a third to make sure he can pepper-spray them in the face too
173	151	Hollywood	CA	https://twitter.com/greg_doucette/status/1267911437596450817	Hollywood-UbN9zpApcq1LpXQb.mp4	"guy is live-streaming his walk home from work when police show up and start arresting everyone. Listen close to the officed's radio. ""You should not be driving past anyone. Stop where you are, and take someone into custody."""
174	152	New York City	NY	https://twitter.com/greg_doucette/status/1267913962697474048	https://www.thedailybeast.com/even-medical-workers-fighting-covid-say-cops-are-attacking-them-at-george-floyd-protests?ref=home	police beat the everlasting sh*t out of a hospital worker as he walks to his hotel. Video in the article; he ended up getting stitches and 2 CT scans at the hospital where he works
175	153	Los Angeles	CA	https://twitter.com/greg_doucette/status/1267916734364860421	https://youtu.be/sUbNNopu1ts	extended montage (15+ minutes) of police violence footage out of LA
176	154	San Luis Obispo	CA	https://twitter.com/greg_doucette/status/1267918152635203585	SanLuisObispo-LqBJ40nmjMJHaS0y.mp4	"police open fire on peaceful protestors with their hands raised. The juxtaposition is striking... Yougn people: ""THIS IS WHAT DEMOCRACY LOOKS LIKE!"" Cops: ::starts shooting::"
177	156	Washington	DC	https://twitter.com/greg_doucette/status/1267963097316233219	WashingtonDC.png	no identifiable insignia, so people don't know who to sue when they get brutalized. (Unless Under Armour became standard issue and I didn't get the memo)
178	155	El Centro	CA	https://twitter.com/greg_doucette/status/1267964835263852546	ElCentro-8ASFD5rearamWm6S.mp4	police casually aiming their guns at kids recording on their phones from the roof
179	155a	El Centro	CA	https://twitter.com/greg_doucette/status/1267974239237345280	ElCentro-yrrCDaxIrVyaGPVe.mp4	Another angle on 155 above
180	157	Denver	CO	https://twitter.com/greg_doucette/status/1267975706258128899	https://twitter.com/elisabeth/status/1267842432605073416	y'all have seen me tag @elisabeth a number of times over the years, who's been working with the city on police use of force. So Denver police shot her 2x. From behind.
181	158	Portland	ME	https://twitter.com/greg_doucette/status/1267976565532614658	Portland.png	Too far away to tell if this is police or a vigilante, but either way they've got snipers casually aiming from hotel rooftops
182	159	Hoover	AL	https://twitter.com/greg_doucette/status/1267977008115572736	https://twitter.com/IanHoppe/status/1267968991424909312 thread, Hoover.png	"when people say ""defund the police,"" this is the type of overreactive Pile of poo they're talking about. 14 high schoolers. 50 cops"
183	160	Athens	GA	https://twitter.com/greg_doucette/status/1267978372249989124		policing firing teargas and bullets near the UGA campus
184	161	Athens	GA	https://twitter.com/greg_doucette/status/1267978682951491585		more indiscriminate teargas use
185	162	Walnut Creek	CA	https://twitter.com/greg_doucette/status/1267981687289532421	WalnutCreek-QJgLCH6kVHLLJ_q3.mp4	police using teargas and bullets on a peaceful protest in broad daylight
186	163	Asheville	NC	https://twitter.com/greg_doucette/status/1267984839254454278	Asheville-sUDySENpvxKI6wAE.mp4	police destroy medical supplies and cut open all the water bottles. Creating a tremendous plastic mess outside of Farm Burger
